file,species
0021e90e4.png,Cleavers
003d61042.png,Loose Silky-bent
007b3da8b.png,Charlock
0086a6340.png,Loose Silky-bent
00c47e980.png,Maize
00d090cde.png,Charlock
00ef713a8.png,Black-grass
01291174f.png,Loose Silky-bent
026716f9b.png,Common Chickweed
02cfeb38d.png,Small-flowered Cranesbill
03566743d.png,Charlock
03a2ee656.png,Cleavers
03e322a29.png,Maize
03ef36742.png,Loose Silky-bent
043449b0b.png,Sugar beet
0437393b1.png,Small-flowered Cranesbill
04814f36d.png,Sugar beet
05341a8a6.png,Black-grass
060450d79.png,Common Chickweed
060f1dc84.png,Cleavers
0625f063b.png,Small-flowered Cranesbill
063363305.png,Cleavers
06d12f6fa.png,Black-grass
071cb3ece.png,Common Chickweed
0751c0bbc.png,Loose Silky-bent
07e62f903.png,Common Chickweed
085974290.png,Sugar beet
0885e7690.png,Small-flowered Cranesbill
089ad62a7.png,Black-grass
08d591441.png,Sugar beet
0911d3dee.png,Maize
099b961ec.png,Common Chickweed
0a64e3e6c.png,Loose Silky-bent
0ad9e7dfb.png,Common Chickweed
0ae6668fa.png,Sugar beet
0bf7bfb05.png,Maize
0c27cf05f.png,Sugar beet
0c4199daa.png,Black-grass
0c45ace27.png,Small-flowered Cranesbill
0c51bf229.png,Charlock
0c5f6c493.png,Common wheat
0caeda5df.png,Common wheat
0d117d910.png,Common Chickweed
0d31e6602.png,Sugar beet
0dba99002.png,Common wheat
0e8492cb1.png,Maize
0ebf8f2f4.png,Charlock
0ee4ad224.png,Loose Silky-bent
0f6cbe5e8.png,Common Chickweed
0fb233ad6.png,Cleavers
115f93ecc.png,Loose Silky-bent
116b136de.png,Loose Silky-bent
1191ba346.png,Charlock
11d3f68ff.png,Loose Silky-bent
122913909.png,Loose Silky-bent
12625488b.png,Common Chickweed
126a71ce0.png,Cleavers
1312065a5.png,Small-flowered Cranesbill
1364b297a.png,Cleavers
1376f3b63.png,Loose Silky-bent
13b9fa92d.png,Maize
1459e96a0.png,Cleavers
148bbda66.png,Cleavers
14bb43eee.png,Loose Silky-bent
1541bdb2e.png,Cleavers
1623fb9e1.png,Common wheat
16357b436.png,Sugar beet
16467a950.png,Common Chickweed
165681fd9.png,Sugar beet
1694a70e4.png,Sugar beet
16fd2e01a.png,Common Chickweed
172f9b10b.png,Black-grass
17529c555.png,Charlock
1758a1baf.png,Black-grass
177d7e2a4.png,Loose Silky-bent
17a78fb44.png,Charlock
17d5e5ac4.png,Loose Silky-bent
1821eb11a.png,Small-flowered Cranesbill
187668bde.png,Sugar beet
1926e82fd.png,Small-flowered Cranesbill
19618ad6a.png,Small-flowered Cranesbill
19b51843a.png,Sugar beet
19e58cc5e.png,Black-grass
19fdf19fb.png,Common Chickweed
1b490196c.png,Sugar beet
1b6a6494d.png,Maize
1be0713da.png,Charlock
1bf9b94a6.png,Common Chickweed
1c52ea820.png,Common wheat
1c680883c.png,Charlock
1cfd91582.png,Cleavers
1d0cbd819.png,Common Chickweed
1d321253f.png,Common Chickweed
1d48b7564.png,Sugar beet
1d56351b2.png,Common Chickweed
1dc7c45df.png,Loose Silky-bent
1e095a7e1.png,Shepherds Purse
1f290e016.png,Sugar beet
1f3f44563.png,Common wheat
1f5e5554e.png,Common Chickweed
1fefb54b7.png,Common wheat
205df1df3.png,Sugar beet
20817c846.png,Common Chickweed
20e562fd5.png,Maize
20ea96bcc.png,Loose Silky-bent
20f983a71.png,Loose Silky-bent
2126dc71b.png,Shepherds Purse
219fd68d5.png,Common Chickweed
223e4af09.png,Common Chickweed
22e79540f.png,Charlock
22fbf13d6.png,Small-flowered Cranesbill
239bdf640.png,Cleavers
23bc8ec4f.png,Black-grass
23e480e64.png,Sugar beet
2406d6c99.png,Sugar beet
241e6935a.png,Maize
248436078.png,Common Chickweed
24a058589.png,Charlock
24c94a6ca.png,Charlock
24d36c52c.png,Maize
24d78df74.png,Common Chickweed
24dbc3b21.png,Loose Silky-bent
258b1183c.png,Maize
25a4c427e.png,Common Chickweed
25cf6eb73.png,Loose Silky-bent
25fa8d109.png,Loose Silky-bent
26852751a.png,Charlock
2693e5c65.png,Common Chickweed
26e7ae885.png,Common wheat
270b939cf.png,Loose Silky-bent
279df95f2.png,Maize
288564c76.png,Charlock
29bab7cad.png,Charlock
29ce426a1.png,Common Chickweed
29f49cd0b.png,Small-flowered Cranesbill
2a5064f19.png,Maize
2a667e099.png,Black-grass
2b55a2da2.png,Common Chickweed
2bd74d2da.png,Loose Silky-bent
2d5058a59.png,Black-grass
2d992d1fb.png,Sugar beet
2d9c798f9.png,Charlock
2dd5cfba9.png,Sugar beet
2df78338c.png,Small-flowered Cranesbill
2e86f1085.png,Common Chickweed
2ea664465.png,Common wheat
2f0004a7f.png,Small-flowered Cranesbill
2f246d688.png,Cleavers
2ff5cb348.png,Charlock
30ad31220.png,Common wheat
3185294c8.png,Common wheat
31f3dd81f.png,Black-grass
31fcdc161.png,Common Chickweed
3281183f9.png,Loose Silky-bent
32a8c8a1d.png,Loose Silky-bent
32b42c120.png,Black-grass
32c86784b.png,Charlock
33317fc2a.png,Loose Silky-bent
33448fe39.png,Common wheat
33748968f.png,Cleavers
338c7e907.png,Common Chickweed
34dd57ca9.png,Small-flowered Cranesbill
3526b05cc.png,Charlock
35a90f8d0.png,Sugar beet
35cf9fa01.png,Common Chickweed
35ebe165c.png,Loose Silky-bent
36839d5e9.png,Loose Silky-bent
36d62bf36.png,Common wheat
36ed4f215.png,Black-grass
37297a64c.png,Common Chickweed
37714071b.png,Sugar beet
377283a21.png,Common Chickweed
37c3108d6.png,Common Chickweed
37e545a60.png,Common Chickweed
3827436f3.png,Common Chickweed
38c054379.png,Common Chickweed
391dcd7fd.png,Common Chickweed
39858776a.png,Common Chickweed
39b740f7e.png,Loose Silky-bent
39c8fde99.png,Common Chickweed
39d569be4.png,Loose Silky-bent
3a909ead8.png,Common Chickweed
3abb502fb.png,Common Chickweed
3b73c3b61.png,Small-flowered Cranesbill
3bbef3ecb.png,Common Chickweed
3d38a87bc.png,Loose Silky-bent
3d65168c2.png,Small-flowered Cranesbill
3d67c434b.png,Charlock
3da774107.png,Loose Silky-bent
3dd52bd2a.png,Common Chickweed
3e9f41817.png,Small-flowered Cranesbill
3ebbe9ca4.png,Common Chickweed
3eda9cbb6.png,Charlock
3edf5e9ef.png,Loose Silky-bent
3eebd36c6.png,Common Chickweed
3efa1f66c.png,Loose Silky-bent
3f64c2c1b.png,Common Chickweed
3f826b318.png,Cleavers
3f92d8039.png,Black-grass
3fbd0fc6a.png,Sugar beet
3fbf1a417.png,Charlock
4049a6ea6.png,Common Chickweed
406162ef9.png,Charlock
406ecb5c5.png,Cleavers
410e6f702.png,Common Chickweed
41e07778c.png,Charlock
41f1c3cdb.png,Fat Hen
4287d810c.png,Black-grass
429211ee6.png,Common Chickweed
42e7ed442.png,Common Chickweed
4392d93cf.png,Sugar beet
43ede9de9.png,Charlock
444473900.png,Charlock
446f7da01.png,Common Chickweed
44e8b8833.png,Common Chickweed
456d507c0.png,Sugar beet
466bb6d3b.png,Common Chickweed
46c14fde2.png,Common Chickweed
47b7d8e17.png,Cleavers
47f9e5d91.png,Sugar beet
48231e475.png,Loose Silky-bent
4823c3ffa.png,Loose Silky-bent
486e59179.png,Black-grass
48d97c645.png,Charlock
48ef6a2ff.png,Loose Silky-bent
490c4f9c8.png,Loose Silky-bent
4a337a4a9.png,Common Chickweed
4ac29bbf0.png,Common Chickweed
4b032563b.png,Common Chickweed
4b155fb07.png,Sugar beet
4bbf1f6ea.png,Common Chickweed
4bbfd1e05.png,Charlock
4bcdaa5e2.png,Black-grass
4c5ab9b68.png,Common wheat
4c7838de4.png,Sugar beet
4c8005bbc.png,Sugar beet
4e1190d78.png,Common Chickweed
4e18ab737.png,Cleavers
4e69d100a.png,Cleavers
4e9d3765f.png,Charlock
4ea7493d5.png,Sugar beet
4f44ca525.png,Common wheat
4f83143e1.png,Cleavers
502dff972.png,Common Chickweed
506347cfe.png,Common Chickweed
50de8a115.png,Charlock
521b27a17.png,Small-flowered Cranesbill
523e5505c.png,Sugar beet
5296835a0.png,Cleavers
52a87abe5.png,Sugar beet
52dc7a4d6.png,Common Chickweed
5315c2dca.png,Loose Silky-bent
534e74d83.png,Sugar beet
539961189.png,Sugar beet
53ceb4657.png,Black-grass
53e6e9000.png,Small-flowered Cranesbill
54b3afd58.png,Common Chickweed
54c8bb900.png,Black-grass
550a8b7e6.png,Common Chickweed
55251925f.png,Black-grass
558aa7deb.png,Common wheat
55920f07f.png,Cleavers
55a852f40.png,Loose Silky-bent
55fed435f.png,Common Chickweed
56112b92c.png,Small-flowered Cranesbill
56a01b835.png,Common wheat
5779fe8b4.png,Black-grass
5817b766d.png,Common Chickweed
5883b423d.png,Loose Silky-bent
589e643b8.png,Cleavers
590f5aea6.png,Sugar beet
592473c83.png,Loose Silky-bent
592cc5b89.png,Black-grass
59358cd44.png,Black-grass
593896f83.png,Sugar beet
599691cd9.png,Common Chickweed
599c82eea.png,Common Chickweed
59b2c6f2b.png,Common Chickweed
59c6a9f95.png,Charlock
59e1cea8d.png,Cleavers
59f62ad1d.png,Sugar beet
5a38ac566.png,Charlock
5a6bf96f6.png,Common wheat
5af1d74ee.png,Loose Silky-bent
5b3000b9a.png,Common Chickweed
5b3beec58.png,Small-flowered Cranesbill
5b63dcc21.png,Loose Silky-bent
5bbc0a255.png,Cleavers
5bc6595f6.png,Common wheat
5bd71f445.png,Sugar beet
5bdcfa329.png,Common wheat
5c3cd7ea2.png,Common wheat
5ca0205f9.png,Common Chickweed
5ca2687a4.png,Common Chickweed
5dcad9a53.png,Common wheat
5e6a237f2.png,Sugar beet
5eb9c26a6.png,Common Chickweed
5ee9d0a5b.png,Loose Silky-bent
5f04aed97.png,Shepherds Purse
6049234e6.png,Maize
604dd663f.png,Sugar beet
606647f64.png,Black-grass
60ee66ddd.png,Cleavers
60f0bc617.png,Common Chickweed
60fea2ef6.png,Charlock
615d2b0a9.png,Common wheat
618de3d7a.png,Common Chickweed
61b044411.png,Common wheat
61dd2cdc5.png,Loose Silky-bent
632156793.png,Cleavers
63c07d340.png,Common wheat
647689543.png,Black-grass
64fe8beb9.png,Black-grass
653193c1a.png,Small-flowered Cranesbill
65489944f.png,Sugar beet
659412b1a.png,Common Chickweed
65d08b894.png,Small-flowered Cranesbill
65e262a6d.png,Charlock
65e97117e.png,Common Chickweed
664194d19.png,Common Chickweed
6680836dd.png,Charlock
668c1007c.png,Sugar beet
66ab0e8d0.png,Cleavers
675ec1b0b.png,Common Chickweed
67ce3eaa6.png,Common Chickweed
67e185673.png,Common Chickweed
686dc7ec8.png,Common Chickweed
6908fb540.png,Loose Silky-bent
6982a9d30.png,Cleavers
699d3c707.png,Maize
69d1669f8.png,Cleavers
6a41bf95b.png,Sugar beet
6a47821f9.png,Sugar beet
6b721f68e.png,Cleavers
6b9d6f8c9.png,Small-flowered Cranesbill
6ba4ef411.png,Loose Silky-bent
6bce55e05.png,Charlock
6be169e41.png,Common Chickweed
6c874918c.png,Common Chickweed
6d6eb3830.png,Cleavers
6da892be6.png,Cleavers
6db684fff.png,Small-flowered Cranesbill
6dd095129.png,Small-flowered Cranesbill
6df8e31ea.png,Cleavers
6edb96d45.png,Black-grass
6edc76e7c.png,Black-grass
711b46fba.png,Common Chickweed
71334c634.png,Cleavers
71b232519.png,Loose Silky-bent
71e73a8a0.png,Maize
71f5323c5.png,Common Chickweed
721b2c47a.png,Charlock
721be0a4a.png,Small-flowered Cranesbill
728eabae1.png,Common Chickweed
73260a4ee.png,Charlock
74068643d.png,Common Chickweed
74d810f87.png,Black-grass
74fd477eb.png,Common Chickweed
7506c0c02.png,Loose Silky-bent
752101fdf.png,Common Chickweed
754b1adf8.png,Common Chickweed
756dd5070.png,Sugar beet
75cb95e91.png,Charlock
7615e52d3.png,Cleavers
76555b064.png,Small-flowered Cranesbill
7691014a1.png,Common Chickweed
7696badea.png,Loose Silky-bent
76dbd1054.png,Common Chickweed
770a265f5.png,Black-grass
77ccb8b2a.png,Cleavers
780bd2a2c.png,Small-flowered Cranesbill
780defa2e.png,Common Chickweed
785a73ab8.png,Black-grass
78750e0ff.png,Black-grass
78b1bf91a.png,Charlock
78c5fba1d.png,Common wheat
79d93bc96.png,Small-flowered Cranesbill
79dafec17.png,Sugar beet
79e5ea8fa.png,Small-flowered Cranesbill
79fba50db.png,Common Chickweed
7a38416be.png,Cleavers
7b21ba6ba.png,Common Chickweed
7b52585da.png,Cleavers
7beb2766f.png,Sugar beet
7c85b0265.png,Sugar beet
7cabd68cc.png,Loose Silky-bent
7d22abf91.png,Sugar beet
7d3045fc3.png,Sugar beet
7d4cd07ad.png,Cleavers
7e9cf1c46.png,Common Chickweed
7f31c7f42.png,Small-flowered Cranesbill
7f46a71db.png,Loose Silky-bent
7f9e9565d.png,Small-flowered Cranesbill
7fdb7202d.png,Loose Silky-bent
800a8c17e.png,Loose Silky-bent
808578ed5.png,Sugar beet
808cf55c6.png,Common Chickweed
809eb0b82.png,Common Chickweed
80e299ae9.png,Cleavers
8104422bb.png,Loose Silky-bent
8170d33c1.png,Cleavers
824f5d4e5.png,Loose Silky-bent
827279bad.png,Loose Silky-bent
82b5f4d33.png,Common Chickweed
8301b0547.png,Common Chickweed
8303b27ed.png,Charlock
8311740de.png,Sugar beet
835dc5447.png,Sugar beet
837ac0270.png,Black-grass
8455169fe.png,Small-flowered Cranesbill
851c90831.png,Loose Silky-bent
85431c075.png,Small-flowered Cranesbill
855955aaf.png,Maize
856f2910a.png,Common Chickweed
8585f9718.png,Black-grass
862b8e7a0.png,Fat Hen
86676d627.png,Black-grass
866be78b0.png,Black-grass
86c309150.png,Loose Silky-bent
86f08e6d1.png,Loose Silky-bent
87608f7aa.png,Cleavers
87f627bf9.png,Sugar beet
8874bba69.png,Common Chickweed
88ac6df54.png,Loose Silky-bent
88d8a4508.png,Common wheat
8916793ce.png,Cleavers
892e9d6c6.png,Common Chickweed
897e5a8de.png,Common Chickweed
8a30b2de3.png,Sugar beet
8a32d0bfa.png,Common Chickweed
8a4d3a1b1.png,Common Chickweed
8a8d6c712.png,Black-grass
8ab8a958b.png,Common wheat
8b043093d.png,Common Chickweed
8b27bfd2b.png,Small-flowered Cranesbill
8b9144917.png,Common Chickweed
8bc0261c9.png,Small-flowered Cranesbill
8c98a6e9b.png,Black-grass
8c9953903.png,Small-flowered Cranesbill
8ca6140ca.png,Sugar beet
8cf2e3e6c.png,Loose Silky-bent
8cf909eb3.png,Common Chickweed
8cfd98117.png,Common Chickweed
8d6991365.png,Loose Silky-bent
8d6acbe9b.png,Common Chickweed
8db450ce3.png,Sugar beet
8dbb8e1b9.png,Common Chickweed
8e29abce1.png,Loose Silky-bent
8e2e5604e.png,Small-flowered Cranesbill
8e3ed0a25.png,Common Chickweed
8e4eaeec0.png,Small-flowered Cranesbill
8e6ec1ca6.png,Common Chickweed
8ece6efec.png,Small-flowered Cranesbill
8f523520c.png,Cleavers
8faadb6a8.png,Sugar beet
90b595f12.png,Small-flowered Cranesbill
90d119d25.png,Common Chickweed
91e469b4a.png,Common Chickweed
92292055d.png,Common Chickweed
93079d970.png,Charlock
9326bda1b.png,Black-grass
93d76fd5d.png,Cleavers
948cdb277.png,Common Chickweed
9516e56c4.png,Charlock
953496deb.png,Loose Silky-bent
958bb9e96.png,Cleavers
963544aa0.png,Black-grass
9643fc5f4.png,Common Chickweed
966ae5ad9.png,Sugar beet
969a851be.png,Black-grass
96ecad7a1.png,Common Chickweed
96f14d90c.png,Sugar beet
974959ec1.png,Common wheat
976e4e079.png,Common Chickweed
97844bfd5.png,Shepherds Purse
97b2f0a10.png,Cleavers
98062cd87.png,Common Chickweed
98d819587.png,Sugar beet
98da6ef4e.png,Black-grass
99036c51d.png,Common wheat
99569b224.png,Loose Silky-bent
995c7ab1e.png,Fat Hen
9a3f20121.png,Cleavers
9aa5587fe.png,Sugar beet
9b4800b42.png,Sugar beet
9b9911f20.png,Small-flowered Cranesbill
9baf94467.png,Loose Silky-bent
9c0c5b731.png,Common Chickweed
9c32a797e.png,Loose Silky-bent
9c777333d.png,Charlock
9c8b08a24.png,Common Chickweed
9cce7328c.png,Black-grass
9d3cb4745.png,Charlock
9d79a1f0c.png,Sugar beet
9df3275da.png,Common Chickweed
9fab816f2.png,Loose Silky-bent
a006a475c.png,Common Chickweed
a060c1cf8.png,Common Chickweed
a0b393945.png,Sugar beet
a0f37c726.png,Cleavers
a169b71e7.png,Common Chickweed
a19c3faca.png,Common Chickweed
a1da8be3c.png,Charlock
a1e0a6c02.png,Charlock
a254d71f6.png,Loose Silky-bent
a276c65f7.png,Sugar beet
a2b703e21.png,Sugar beet
a2c89c367.png,Maize
a2d25b4f3.png,Fat Hen
a35fd6fbb.png,Common Chickweed
a38b8a581.png,Maize
a3b375b34.png,Loose Silky-bent
a3d0031fd.png,Common Chickweed
a4b61a4ea.png,Common Chickweed
a544fc46d.png,Loose Silky-bent
a55d26a4c.png,Loose Silky-bent
a5db42f7d.png,Common Chickweed
a74bf916d.png,Common Chickweed
a74d475c2.png,Common Chickweed
a7bd7cadb.png,Black-grass
a800caead.png,Loose Silky-bent
a83820a2c.png,Maize
a8388a37f.png,Loose Silky-bent
a85b48a95.png,Loose Silky-bent
a85fc8c9a.png,Black-grass
a890ac088.png,Common Chickweed
a8b431a3e.png,Sugar beet
a8c8a1db0.png,Common wheat
a8da9c08d.png,Common Chickweed
a8de7c1b7.png,Loose Silky-bent
a935ca110.png,Small-flowered Cranesbill
a93f940d6.png,Charlock
a9d2eab61.png,Loose Silky-bent
aa7d098d1.png,Black-grass
aad8375e0.png,Common Chickweed
aaf4da98f.png,Loose Silky-bent
ab0f67743.png,Charlock
ab35453cb.png,Common Chickweed
abc331628.png,Loose Silky-bent
abf8b0772.png,Small-flowered Cranesbill
ac3193f78.png,Common Chickweed
ac75d3326.png,Black-grass
acdb75e00.png,Black-grass
ace8761dd.png,Loose Silky-bent
ad12382d4.png,Loose Silky-bent
adb7a032c.png,Loose Silky-bent
ae90f2827.png,Black-grass
aecfaed64.png,Common Chickweed
aee6fa3df.png,Common Chickweed
af45e222a.png,Charlock
afa446484.png,Fat Hen
afcf6abd5.png,Loose Silky-bent
b026bf8ca.png,Small-flowered Cranesbill
b03397525.png,Common Chickweed
b0acaff4a.png,Common wheat
b130a0632.png,Common Chickweed
b145ba9d4.png,Common Chickweed
b1cd2a91e.png,Charlock
b215531dd.png,Common wheat
b2706e2b3.png,Loose Silky-bent
b29339405.png,Common Chickweed
b30ab4659.png,Black-grass
b31292706.png,Cleavers
b341d0aab.png,Common Chickweed
b39c71707.png,Loose Silky-bent
b3d6fdb80.png,Sugar beet
b3e08b037.png,Common Chickweed
b47691c08.png,Common wheat
b4c3df835.png,Loose Silky-bent
b4f7c9214.png,Common wheat
b573b7a56.png,Charlock
b5c7fd009.png,Black-grass
b62dca166.png,Small-flowered Cranesbill
b687160f5.png,Charlock
b6a3f7876.png,Loose Silky-bent
b6f3d8b5d.png,Small-flowered Cranesbill
b7192c70f.png,Loose Silky-bent
b7a7f6390.png,Small-flowered Cranesbill
b7ad92859.png,Sugar beet
b828443ff.png,Common Chickweed
b9062c1c8.png,Sugar beet
b944a49ca.png,Loose Silky-bent
b98327bf4.png,Common wheat
ba3ce6b3e.png,Common wheat
bb1c84bbc.png,Common wheat
bb1d1bfd3.png,Charlock
bb20fce02.png,Common wheat
bb64660b7.png,Charlock
bb7621cb3.png,Loose Silky-bent
bd72d4d8a.png,Common Chickweed
bd789d151.png,Common Chickweed
bdde957ec.png,Common Chickweed
be2499cf4.png,Common Chickweed
be341dbdc.png,Loose Silky-bent
bea23d9f8.png,Sugar beet
bebcaab66.png,Small-flowered Cranesbill
beebe5f4e.png,Small-flowered Cranesbill
bf3924a57.png,Cleavers
bf66b9cd2.png,Common Chickweed
bfab3e3d0.png,Loose Silky-bent
bffc08672.png,Small-flowered Cranesbill
c0461776c.png,Sugar beet
c069fc3fa.png,Small-flowered Cranesbill
c06e7c748.png,Sugar beet
c0bc3997b.png,Loose Silky-bent
c0d9e170b.png,Common Chickweed
c0f5d9ac8.png,Sugar beet
c10ccbd82.png,Charlock
c10db7ae2.png,Cleavers
c1ecff98b.png,Common Chickweed
c26ccf73c.png,Cleavers
c2de6020a.png,Small-flowered Cranesbill
c35efa095.png,Common Chickweed
c4ed8ed38.png,Common wheat
c50335991.png,Common Chickweed
c5078bac5.png,Loose Silky-bent
c5e419015.png,Sugar beet
c5e88cd42.png,Common Chickweed
c60e91e07.png,Common Chickweed
c63da993b.png,Sugar beet
c64370a72.png,Common Chickweed
c6b76307d.png,Common Chickweed
c6c8d4ba0.png,Loose Silky-bent
c7051c902.png,Charlock
c74c5b7fc.png,Cleavers
c75a82234.png,Sugar beet
c7ae30f3a.png,Common Chickweed
c7b07431e.png,Sugar beet
c7eb96871.png,Loose Silky-bent
c832e4302.png,Loose Silky-bent
c85ef220d.png,Common Chickweed
c88ebfb47.png,Small-flowered Cranesbill
c8f50f0c3.png,Charlock
caa2fbd79.png,Small-flowered Cranesbill
cadab6616.png,Common Chickweed
cae684f8f.png,Common Chickweed
cb496f36e.png,Common wheat
cb76a7766.png,Loose Silky-bent
cbba27d89.png,Common wheat
cbe761896.png,Cleavers
cc3d2a59a.png,Small-flowered Cranesbill
cc74feadc.png,Black-grass
cd5f0db1c.png,Loose Silky-bent
cd6adba97.png,Sugar beet
ce15eee52.png,Cleavers
ce3d280eb.png,Charlock
ce42adffb.png,Common Chickweed
cec5bf198.png,Charlock
cf3a8b2fd.png,Cleavers
cf46d09c5.png,Cleavers
cf90fc52d.png,Cleavers
cfb18d262.png,Charlock
cfd8165e9.png,Common wheat
d0152bd7c.png,Black-grass
d01873fdd.png,Common Chickweed
d09275360.png,Charlock
d09d24c58.png,Loose Silky-bent
d0cdc768f.png,Loose Silky-bent
d102e1a15.png,Black-grass
d14aa43f3.png,Small-flowered Cranesbill
d17f48d3b.png,Loose Silky-bent
d2f0f326e.png,Common Chickweed
d2f422ccb.png,Sugar beet
d2fd9df40.png,Loose Silky-bent
d3331e071.png,Loose Silky-bent
d350a25fa.png,Common Chickweed
d41d87796.png,Black-grass
d488a4fe1.png,Loose Silky-bent
d515398fd.png,Loose Silky-bent
d563be369.png,Black-grass
d5f7dd60a.png,Loose Silky-bent
d668409ff.png,Black-grass
d689256be.png,Common Chickweed
d6c8c3c48.png,Fat Hen
d6d31dcbe.png,Black-grass
d6d80a321.png,Black-grass
d7017f701.png,Black-grass
d84d37a61.png,Maize
d89db156f.png,Cleavers
d8f4923f8.png,Black-grass
d93c7ab6d.png,Cleavers
d9c50616e.png,Loose Silky-bent
da231c97f.png,Small-flowered Cranesbill
da4ed3a28.png,Common Chickweed
da5255450.png,Black-grass
da713c465.png,Small-flowered Cranesbill
da9ef7858.png,Common Chickweed
dabe3e5be.png,Common Chickweed
dabea05f4.png,Sugar beet
dc4cd56a3.png,Loose Silky-bent
dc55449b2.png,Common Chickweed
dcd7ff249.png,Common Chickweed
dce2f6612.png,Black-grass
dd5ec63d9.png,Maize
dd9f36df7.png,Small-flowered Cranesbill
de0b79659.png,Loose Silky-bent
df11d56a7.png,Charlock
df521c0c0.png,Common Chickweed
df7cb5f87.png,Loose Silky-bent
dfb1d9012.png,Loose Silky-bent
e0ec5b6a1.png,Sugar beet
e14afa235.png,Small-flowered Cranesbill
e15472085.png,Black-grass
e15fce4f2.png,Small-flowered Cranesbill
e1809cef2.png,Common wheat
e19673dc9.png,Charlock
e19ad6ac9.png,Common Chickweed
e1a0e3202.png,Common wheat
e1abb4ff9.png,Loose Silky-bent
e3f50adfc.png,Cleavers
e471f1d3a.png,Cleavers
e478c452c.png,Common Chickweed
e4a76885b.png,Common Chickweed
e4d5ec761.png,Small-flowered Cranesbill
e5064f6be.png,Loose Silky-bent
e52493d0b.png,Common Chickweed
e5297b675.png,Small-flowered Cranesbill
e5368474f.png,Small-flowered Cranesbill
e5881dd33.png,Loose Silky-bent
e5e3dccff.png,Common Chickweed
e6f1211a2.png,Sugar beet
e7077322d.png,Charlock
e721c6ac8.png,Black-grass
e73e308be.png,Black-grass
e783f5a4f.png,Sugar beet
e80a259c5.png,Common Chickweed
e82017baa.png,Common Chickweed
e84464f5a.png,Common Chickweed
e88bf0db9.png,Black-grass
e901b0f28.png,Sugar beet
e921021a8.png,Black-grass
e96e57a90.png,Sugar beet
e98e5d1d5.png,Loose Silky-bent
e9cd91682.png,Common Chickweed
e9d48d664.png,Common Chickweed
eaf0815e2.png,Sugar beet
ec08a5d56.png,Shepherds Purse
ede6b84b4.png,Charlock
edfdb4aeb.png,Small-flowered Cranesbill
eec1079a1.png,Charlock
eef131644.png,Common Chickweed
ef02b4ee7.png,Sugar beet
ef3e232ad.png,Loose Silky-bent
ef65533d5.png,Black-grass
ef74dbcad.png,Charlock
ef7a5651d.png,Small-flowered Cranesbill
ef9676433.png,Common Chickweed
efe19dc32.png,Cleavers
f0ffa00bd.png,Charlock
f1e87cba7.png,Black-grass
f1f7c833f.png,Common Chickweed
f23faf9c1.png,Loose Silky-bent
f25996db8.png,Cleavers
f2dc546ca.png,Cleavers
f33e9d918.png,Small-flowered Cranesbill
f351ce097.png,Loose Silky-bent
f3fcfff1b.png,Charlock
f4021df6c.png,Loose Silky-bent
f4234cf4f.png,Common wheat
f445fe6fb.png,Common Chickweed
f48916a8c.png,Common wheat
f4ad9d950.png,Charlock
f4caf74f9.png,Cleavers
f4e7733d4.png,Charlock
f593c9cf0.png,Sugar beet
f66ae4070.png,Charlock
f6d250856.png,Cleavers
f8318faf1.png,Common Chickweed
f85ed9b6d.png,Charlock
f9b6bfb00.png,Charlock
f9ea23fb5.png,Charlock
f9f35cbd4.png,Black-grass
fa5fd1384.png,Cleavers
fa9f3a8f9.png,Cleavers
fadc6adbc.png,Charlock
fb022edf9.png,Small-flowered Cranesbill
fba8fc78a.png,Black-grass
fbf88b6be.png,Common Chickweed
fc3e58836.png,Charlock
fc6f686fb.png,Small-flowered Cranesbill
fd253a74e.png,Common Chickweed
fd87b36ae.png,Black-grass
fd925f542.png,Loose Silky-bent
fda0b5c38.png,Charlock
fda39e16f.png,Sugar beet
fdea6b119.png,Loose Silky-bent
fe29629fb.png,Small-flowered Cranesbill
fe9e87b78.png,Small-flowered Cranesbill
fea1d13d6.png,Cleavers
fea355851.png,Charlock
fea3da57c.png,Sugar beet
fef2ade8c.png,Small-flowered Cranesbill
ff65bc002.png,Shepherds Purse
ffc6f8527.png,Black-grass
